<?xml version="1.0" encoding="UTF-8" standalone="yes"?>
<manifest>
  <control namespace="ControlsAndrewLy" constructor="ButtonIconExample" version="0.0.1" display-name-key="ButtonIconExample_Display_Key" description-key="ButtonIconExample_Desc_Key" control-type="standard" api-version="1.1.0">
    <property name="sampleProperty" display-name-key="Property_Display_Key" description-key="Property_Desc_Key" of-type="SingleLine.Text" usage="bound" required="true"/>
    <resources>
      <code path="bundle.js" order="1"/>
      <css path="css/ButtonIconExample.css" order="1"/>
    </resources>
    <built-by name="pac" version="0.2.71"/>
  </control>
</manifest>