<manifest><control namespace="ControlsAndrewLy" constructor="YoutubePlayer" version="0.0.1" display-name-key="YoutubePlayer" description-key="YoutubePlayer description" control-type="standard" api-version="1.2.1"><property name="videoURL" display-name-key="Youtube Video URL" description-key="Embed URL for the youtube video (e.g. https://www.youtube.com/embed/I-LyYSAVBdQ )" of-type="SingleLine.Text" usage="bound" required="true" /><resources><code path="bundle.js" order="1" /><css path="css/YoutubePlayer.css" order="1" /><img path="img/preview.png" /></resources><built-by name="pac" version="0.4.3" /></control></manifest>