<?xml version="1.0" encoding="UTF-8" standalone="yes"?>
<manifest>
  <control namespace="ControlsAndrewLy" constructor="ProgressBar" version="0.0.6" display-name-key="Progress Bar Control" description-key="Displays a simple progress bar that represent a percentage of work complete" control-type="standard" api-version="1.3.4">
    <property name="inputProgressPercentage" display-name-key="Percentage" description-key="Provide a value between 0 and 100" of-type-group="numbers" usage="bound" required="true"/>
    <type-group name="numbers">
      <type>Whole.None</type>
      <type>FP</type>
      <type>Decimal</type>
    </type-group>
    <resources>
      <code path="bundle.js" order="1"/>
      <css path="css/ProgressBar.css" order="1"/>
    </resources>
    <built-by name="pac" version="1.15.3"/>
  </control>
</manifest>