{"schemaVersion":"1.0","appDefinitionTemplate":{"id":"/providers/Microsoft.PowerApps/apps/","type":"Microsoft.PowerApps/apps","tags":{"primaryDeviceWidth":"640","primaryDeviceHeight":"1136","sienaVersion":"20201009T095616Z-3.20094.24.0","deviceCapabilities":"","supportsPortrait":"true","supportsLandscape":"false","primaryFormFactor":"Phone","publisherVersion":"3.20094.24","minimumRequiredApiVersion":"2.2.0","hasComponent":"false","hasUnlockedComponent":"false","isUnifiedRootApp":"false"},"properties":{"appVersion":"2020-10-09T09:56:16Z","lifeCycleId":"Published","createdByClientVersion":{"major":3,"minor":20094,"build":24,"revision":0,"majorRevision":0,"minorRevision":0},"minClientVersion":{"major":3,"minor":20094,"build":24,"revision":0,"majorRevision":0,"minorRevision":0},"backgroundColor":"rgba(0, 176, 240, 1)","backgroundImageUri":"/8961260570718899605/Naf7030f3-4036-4950-92df-a911f1fb6547-logoSmallFile","displayName":"SwipePCF","description":"","commitMessage":"","appUris":{"documentUri":{"value":"/8961260570718899605/N8ea93d1f-466a-4bcf-9e42-cef7816cbd08-document.msapp","readonlyValue":"/8961260570718899605/N8ea93d1f-466a-4bcf-9e42-cef7816cbd08-document.msapp"},"imageUris":[]},"createdTime":"0001-01-01T00:00:00Z","lastModifiedTime":"0001-01-01T00:00:00Z","sharedGroupsCount":0,"sharedUsersCount":0,"icons":{"smallIconUri":"/8961260570718899605/N61cb70f9-8f57-4033-8ce3-8f3791d66db0-small.png","mediumIconUri":"/8961260570718899605/N7c69942f-0258-43e5-9685-df1ac28cb156-medium.png","largeIconUri":"/8961260570718899605/N4aa06ff7-bf1d-4ce7-9563-17d82e9ad5e5-large.png","wideIconUri":"/8961260570718899605/N4f9c5582-be96-4820-b9a2-e1e2d912ee8c-wide.png"},"connectionReferences":{},"databaseReferences":{},"almMode":"Environment","performanceOptimizationEnabled":true,"canConsumeAppPass":true},"isAppComponentLibrary":false,"appType":"ClassicCanvasApp","appComponents":[]}}