<?xml version="1.0" encoding="UTF-8" standalone="yes"?>
<manifest>
  <control namespace="ControlsAndrewLy" constructor="CountDownTimer" version="0.0.2" display-name-key="Countdown Timer Control" description-key="A simple countdown timer, takes a date as an input" control-type="standard">
    <property name="inputDate" display-name-key="Input Date" description-key="Input Date to be used for the countdown timer." of-type-group="date" usage="bound" required="true"/>
    <type-group name="date">
      <type>DateAndTime.DateOnly</type>
      <type>DateAndTime.DateAndTime</type>
    </type-group>
    <resources>
      <code path="bundle.js" order="1"/>
      <css path="CountDownTimer.css" order="1"/>
    </resources>
  </control>
</manifest>